{"cameraMode":{"drawMode":0,"name":"Shaded","section":"Shading Mode"},"sceneLighting":true,"audioPlay":false,"sceneViewState":{"showFog":true,"showMaterialUpdate":false,"showSkybox":true,"showFlares":true,"showImageEffects":true,"showParticleSystems":true},"in2DMode":false,"pivot":{"x":-9.2518310546875,"y":8.559066772460938,"z":1.5234375},"rotation":{"x":-0.0014999422710388899,"y":-0.007499875966459513,"z":-0.000011229375559196342,"w":0.9999714493751526},"size":29.494829177856447,"orthographic":true}